{
    "train_loss": [
        0.45130664664675174,
        0.3613863599106631,
        0.3427701670838993,
        0.33177870485240113,
        0.3237444774221415,
        0.3178703486664464,
        0.31288888460300845,
        0.30845572608877597,
        0.30486157994121443,
        0.3012411548119513,
        0.29816358227368805,
        0.29527147351369787,
        0.29252598375413436,
        0.29013361295540174,
        0.2879878630920594,
        0.2859970609266295,
        0.2836486187447229,
        0.2822390678756965,
        0.28048592864498306,
        0.2789765905247885,
        0.27756529175847694,
        0.27646632196176146,
        0.2750499133017453,
        0.27400424997453715,
        0.27296811381117514,
        0.2717107315543781,
        0.27070430674493773,
        0.2700037223098113,
        0.26902533518238086,
        0.26815430674673246,
        0.2674968112180435,
        0.26677955558939404,
        0.26620428303019217,
        0.26549300805078396,
        0.26498018623902514,
        0.2646332710242047,
        0.26403893785944754,
        0.26357639155217577,
        0.2631645453942444,
        0.26278635826347424,
        0.2626097882668415,
        0.262235026293529,
        0.2619891324366536,
        0.2618868470485135,
        0.26175375625019504,
        0.2614784872524243,
        0.2614451661654983,
        0.2613788532830896,
        0.26134677548710356,
        0.2613234504980853
    ],
    "val_loss": [
        0.3835440930498549,
        0.3552161176722363,
        0.34333301905498087,
        0.3329231911209,
        0.3254272271674943,
        0.321305369416556,
        0.3159514544197763,
        0.31451852637458133,
        0.3090211938458135,
        0.30816716068531885,
        0.3039271018478975,
        0.3010609199504453,
        0.29828553810062636,
        0.2978227577539554,
        0.2960202061381948,
        0.2943807926132859,
        0.29389073667060805,
        0.29314633212478985,
        0.29052375518230805,
        0.28944074585143315,
        0.28984559766681073,
        0.28717084994829034,
        0.2877869321649293,
        0.28669213536251115,
        0.28677292901325036,
        0.2851409588558265,
        0.2849657956169421,
        0.284005074001166,
        0.28423301658901085,
        0.2822748318136451,
        0.2818794070308902,
        0.2815132498800517,
        0.2815020624622406,
        0.2816018454760194,
        0.2807628060895133,
        0.28091551974950085,
        0.28146315092940727,
        0.2802684077644253,
        0.2798073525982074,
        0.27977313246741237,
        0.27929215931678675,
        0.2801548198934095,
        0.2789523326958793,
        0.27884821445343505,
        0.27902006764573406,
        0.27914617287803933,
        0.27918860426105824,
        0.27881520820328914,
        0.2790353123350922,
        0.2790455227472868
    ],
    "val_miou": [
        0.3734174072742462,
        0.40339264273643494,
        0.4141194820404053,
        0.42513352632522583,
        0.4325176775455475,
        0.43592315912246704,
        0.4422951936721802,
        0.44520407915115356,
        0.4506221413612366,
        0.45162907242774963,
        0.45526063442230225,
        0.45881935954093933,
        0.46180757880210876,
        0.4625232517719269,
        0.4639280140399933,
        0.46645739674568176,
        0.4669201970100403,
        0.46814778447151184,
        0.47030994296073914,
        0.47168418765068054,
        0.47095444798469543,
        0.47425639629364014,
        0.4731668531894684,
        0.4744550883769989,
        0.47505074739456177,
        0.47670960426330566,
        0.4772604703903198,
        0.47775381803512573,
        0.4773099720478058,
        0.4796817898750305,
        0.48021164536476135,
        0.4803692698478699,
        0.4802021384239197,
        0.48049792647361755,
        0.4817132353782654,
        0.48154693841934204,
        0.48038622736930847,
        0.4822225868701935,
        0.4824630320072174,
        0.48261910676956177,
        0.4830187261104584,
        0.4824727773666382,
        0.48348140716552734,
        0.48338782787323,
        0.4834041893482208,
        0.48356014490127563,
        0.48355889320373535,
        0.4837575852870941,
        0.48375725746154785,
        0.48330986499786377
    ],
    "val_acc": [
        77.42826843261719,
        78.79273986816406,
        79.51355743408203,
        80.28560638427734,
        80.8943099975586,
        81.25991821289062,
        81.42850494384766,
        81.4228515625,
        81.88799285888672,
        81.9217529296875,
        82.39886474609375,
        82.50902557373047,
        82.67576599121094,
        82.64066314697266,
        82.96296691894531,
        82.95022583007812,
        82.94267272949219,
        83.005859375,
        83.16985321044922,
        83.217041015625,
        83.29299926757812,
        83.45374298095703,
        83.4862060546875,
        83.45568084716797,
        83.41448211669922,
        83.57150268554688,
        83.46842193603516,
        83.6404800415039,
        83.65592193603516,
        83.73294067382812,
        83.77951049804688,
        83.80599212646484,
        83.81755828857422,
        83.77373504638672,
        83.8140640258789,
        83.8188705444336,
        83.8398666381836,
        83.86148834228516,
        83.94947814941406,
        83.89874267578125,
        83.96953582763672,
        83.8637466430664,
        83.96760559082031,
        84.00537872314453,
        83.977783203125,
        83.93583679199219,
        83.93193054199219,
        83.97174072265625,
        83.92108917236328,
        83.97944641113281
    ]
}